php	0
ruby	0
interface	0
audio	0
interface	0
.net	0
transactional	0
odp.net	0
interface	0
wysiwyg	0
abstract-algebra	0
module	0
extjs	0
grid	0
database	0
c++	0
deepsql	0
s	0
jquery	0
web-services	0
user	0
xunit	0
sql	0
.net	0
polygon	0
hierarchical	0
java	0
jquery	0
core-animation	0
server	0
test-coverage	0
connectivity	0
gwt	0
html	0
s	0
s	0
javascript	0
syslog	0
templating	0
api	0
elisp	0
gameobject	0
s	0
javascript	0
iot	0
html	0
postgres-plus	0
aws-lambda	0
postgresql	0
asp.net	0
java	0
cpu	0
c++	0
node.js	0
metadata	0
database	0
scala	0
pdf	0
sql	0
login	0
server-side	0
server	0
rxjs	0
.net	0
searchable	0
lisp	0
open-source	0
server	0
css	0
modeling	0
compile-time	0
database	0
edi	0
programming-languages	0
php	0
cpu	0
wordpress	0
content-management-system	0
3d	0
qt	0
scheduler	0
ruby	0
google-api	0
nstableview	0
sapui5	0
user-interface	0
java	0
jquery	0
access-control	0
key-value	0
visual-studio	0
godaddy	0
cross-platform	0
string.h	0
widget	0
64bit	0
ruby	0
mongodb	0
qt	0
clr	0
oauth-2.0	0
redis	0
deployment	0
ipv4	0
open-source	0
server	0
api	0
admin	0
web-applications	0
ms-dos	0
interface	0
installer	0
hierarchical	0
workflow	0
arrays	0
web	1
dom4	0
memory-leaks	0
c++11	0
audio	0
synth	0
.net	0
default	0
webos	0
php	0
usability	0
python	0
database	0
qt-creator	0
xquery-3.0	0
ruby	0
api	0
api	0
server	0
javascript	0
url	0
facebook	0
call-graph	0
uikit	0
api-design	0
api	0
web-applications	0
implementation	0
parsing	0
read-write	0
gdb	0
video	0
apache-spark	0
node.js	0
gnu	0
java	0
read-write	0
http	0
grid	0
cloudera	0
ruby	0
markov	0
open-source	0
web	1
jpa-2.0	0
s	0
data-access	0
cas	0
dart	0
bitmap	0
authentication	0
.net	0
client-side	0
worklight	0
jmf	0
name-collision	0
apache	0
relational-database	0
python	0
qt	0
c++	0
gnu	0
css	0
web-applications	0
visual-c++	0
open-source	0
java	0
perl	0
jquery	0
pdf	0
subset	0
database	0
open-source	0
deprecated	0
javascript-framework	0
content-management-system	0
jvm	0
graphics	0
protocols	0
csv	0
visual-studio	0
subset	0
java-me	0
dsl	0
clone	0
openssl	0
web-applications	0
website	0
haxe	0
malware	0
user	0
sql	0
asynchronous	0
c++	0
python	0
operating-system	0
malware	0
asp.net	0
javascript	0
build-automation	0
linux	0
base-class	0
visual-studio	0
nsnotificationcenter	0
cryptography	0
value-type	0
apache	0
recursion	0
json-api	0
user	0
c++	0
chi-squared	0
connectivity	0
api	0
ecore	0
perl	0
metrics	0
google-apps	0
internationalization	0
mysql	0
pharo	0
web	1
continuous-integration	0
http-proxy	0
jquery	0
api	0
https	0
dynamic-typing	0
eclipse	0
msxml	0
website	0
javascript	0
powershell	0
api	0
copyright	0
ios	0
windows-live	0
implementation	0
httpclient	0
android	0
micro-orm	0
web-api	0
tm	0
command-line	0
business-intelligence	0
fedex	0
sdk	0
event-driven	0
java	0
user	0
data-acquisition	0
frame-rate	0
client-side	0
http	0
python	0
rcp	0
qt	0
c64	0
xslt	0
api	0
text-editor	0
xml	0
html	0
zend-soap	0
cryptography	0
compiler-directives	0
drupal-modules	0
implementation	0
eclipse	0
wireless	0
javascript	0
sdk	0
maya	0
installer	0
authentication	0
python-module	0
implementation	0
html5	0
command-line	0
user	0
http	0
constraints	0
s	0
utc	0
s	0
search-form	0
user	0
interface	0
javascript	0
web	1
xmpp	0
abstract-data-type	0
implementation	0
linux	0
facebook-sdk-3.1	0
html	0
hadoop	0
subset	0
ansi	0
server	0
subclass	0
configuration-files	0
interface	0
implementation	0
osgi	0
dom	0
user	0
gpc	0
python-module	0
s	0
lua	0
visualization	0
algorithm	0
sql	0
clockpicker	0
encoding	0
sql	0
many-to-many	0
database	0
rfc5545	0
geospatial	0
operating-system	0
model-view-controller	0
pdf	0
dce	0
user	0
apache	0
php	0
javadoc	0
django	0
netflix	0
ubuntu	0
javascript	0
python	0
copyright	0
datagrid	0
msn	0
java	1
server	0
.net	0
xml	0
cursor	0
twitter-bootstrap	0
ndef	0
server	0
open-source	0
toolkit	0
eps	0
cross-platform	0
api	0
qmainwindow	0
refactoring	0
html	0
ncover	0
header-files	0
silverlight	0
server-side	0
swt	0
ajax	0
daemon	0
n-gram	0
pdf-viewer	0
postgresql	0
selector	0
http	0
validation	0
s	0
qt	0
pixels	0
sap	0
unit-testing	0
binary	0
server	0
javascript	0
msmq	0
load-testing	0
website	0
web	1
perl	0
bdd	0
java	0
postgresql	0
html5	0
web	1
oracle	0
javascript	0
authentication	0
web-applications	0
mysql	0
ajax	0
endpoint	0
javascript	0
web	1
xhtml	0
database	0
kmip	0
eclipse	0
static-libraries	0
pixel	0
web	1
clojure	0
dependencies	0
api	0
metrics	0
http	0
video	0
java	0
windows-8.1	0
http-request	0
api	0
ruby-on-rails	0
ios	0
concurrent-programming	0
hl7-fhir	0
web	1
url	0
javascript	0
web	1
templates	0
key-value-store	0
drupal-6	0
audio	0
file-format	0
google-maps	0
s	0
vmware	0
authentication	0
xpath-1.0	0
sql	0
.net	0
java	0
configuration-management	0
awt	0
email	0
osgi	0
tostring	0
video	0
javascript	0
development-environment	0
domain-model	0
dependency-injection	0
socket.io	0
navigation-drawer	0
oasis	0
scala	0
ide	0
gwt	0
drupal-7	0
pygame	0
ios	0
default	0
dependency-injection	0
algorithm	0
event-driven	0
version-control	0
widget	0
jquery	0
postgresql	0
desktop	0
ios	0
youtube	0
template-engine	0
web	1
reference-type	0
django	0
elasticsearch	0
memory-management	0
sql	0
implementation	0
sdk	0
s	0
sql	0
sdk	0
hotspot	0
node.js	0
windows-nt	0
windows-10	0
linux	0
video	0
buffy	0
python	0
version-control	0
euro	0
python-2.x	0
pc	0
layout-manager	0
templates	0
reactive-streams	0
3d	0
winrt-component	0
audio	0
source-maps	0
user-experience	0
java-home	0
html	0
erlang	0
low-latency	0
http	0
cstring	0
maf	0
x11	0
ip	0
adobe	0
terminal-emulator	0
apache	0
html	0
templating	0
web	1
default	0
web	1
malloc	0
java-api	0
apache	0
generics	0
web	1
kanban	0
sql	0
archive	0
synthesizer	0
web	1
s	0
targeting	0
mcmc	0
spring-boot	0
google-chrome	0
clipping	0
scala	0
hybrid	0
deployment	0
serial-port	0
lan	0
android	0
model-view-controller	0
mobile-phones	0
toolkit	0
android	0
web	1
api	0
ide	0
wcf	0
xmpp	0
scroll	0
solaris	0
haskell	0
newtype	0
release-mode	0
xml	0
vba	0
nosql	0
knockout.js	0
web-services	0
web-services	0
http	0
frameworks	0
https	0
regsvr32	0
s	0
desktop	0
amazon-web-services	0
traversal	0
analytics	0
embedding	0
asp.net	0
data-analysis	0
api	0
database	0
s	0
api	0
capybara	0
gzip	0
posixct	0
unix	0
javascript	0
minecraft	0
computer-vision	0
s	0
relational-database	0
web	1
faye	0
passbook	0
api	0
server	0
download	0
pim	0
listview	0
toolkit	0
msp430	0
admin	0
android	0
.net	0
web	1
ipad-mini	0
s	0
user	0
floating-point	0
optimization	0
matrix	0
.net	0
federated-identity	0
firmware	0
ios	0
analytics	0
web-applications	0
web	1
usb	0
user	0
css	0
ruby	0
widget	0
toolkit	0
redis	0
amqp	0
algorithm	0
rakudo	0
native-code	0
html5	0
x11	0
open-source	0
website	0
caching	0
user-interface	0
nhibernate	0
ipad	0
tags	0
python	0
s	1
sql	0
skydrive	0
formatting	0
qt	0
event-loop	0
windows-8	0
jquery	0
server-side	0
linux	0
video	0
aix	0
core-data	0
angularjs	0
open-source	0
jccd	0
structured-data	0
vim	0
facebook	0
jni	0
excel	0
github	0
web	1
css	0
web	1
redis	0
linux	0
serialization	0
web	1
deserialization	0
web	1
interface	0
open-source	0
https	0
ruby-on-rails	0
javascript	0
carrot2	0
json	0
database	0
java	0
verilog	0
tibco	0
firefox	0
webpack	0
jpa-1.0	0
default	0
modeling	0
server	0
user	0
open-source	0
github-flavored-markdown	0
windows-applications	0
refactoring	0
predicate	0
java	0
bmp	0
http	0
emulator	0
command-line-arguments	0
server	0
graphics	0
server	0
windows-server	0
php	0
s	0
binary	0
javascript	0
debugging	0
unicode	0
open-source	0
linear-algebra	0
html5	0
interface	0
namespaces	0
jackrabbit	0
rss	0
bde	0
bcnf	0
open-source	0
embed	0
concrete5	0
web	1
node.js	0
java	0
web	1
java	0
database	0
picasa	0
marklogic	0
.net	0
sqlite	0
lucene	0
osx	0
jvm	0
hapi-fhir	0
qt	0
frameworks	0
orm	0
html5	0
eclipse	0
arrays	0
web	1
gradle	0
css	0
draggable	0
orm	0
java	1
debugging	0
s	0
video	0
apache	0
cross-platform	0
web	1
wrapper	0
user-interface	0
excel	0
toolkit	0
ajax	0
constraints	0
user	0
unsupervised-learning	0
itunes	0
s	0
video	0
ubuntu	0
python	0
doxygen	0
.net	0
windows-embedded	0
opencover	0
computer-science	0
node.js	0
websocket	0
unit-testing	0
javadoc	0
profiler	0
wrapper	0
data-storage	0
wql	0
web	1
user	0
nunit	0
graphics	0
runtime	0
domexception	0
website	0
windows-phone-8	0
archive	0
connectivity	0
javascript	0
xml	0
server	0
data-migration	0
ip-address	0
protocols	0
mpeg	0
implementation	0
content-management-system	0
user-interface	0
web	1
real-time	0
web	1
content-management	0
code-review	0
xml	0
silverstripe	0
rad	0
iframe	0
3d	0
client-side	0
s	1
api	0
digits	0
web-applications	0
spring-social	0
relational-database	0
linux	0
build-system	0
python	0
pdf	0
config	0
graphics	0
desktop	0
java	0
.net	0
wikitext	0
mmo	0
code-analysis	0
web	1
server	0
sqlite	0
glsl	0
ascii-art	0
ascii	0
function-calls	0
carousel	0
user-interface	0
dvcs	0
graphics	0
css3	0
ansible	0
user	0
audio	0
gpib	0
php	0
renderer	0
user	0
tridion-2011	0
gcov	0
sql	0
concurrency	0
analytics	0
bluetooth	0
health-monitoring	0
stored-procedures	0
public-key	0
amqp	0
web-applications	0
s	0
bluegiga	0
machine-learning	0
runtime	0
server	0
triggers	0
google-search	0
interface	0
opengl-es-2.0	0
runtime	0
spoofing	0
s	0
apache	0
apache	0
weblogic	0
email	0
spring-xd	0
python	0
content-management-system	0
ejabberd-saas	0
content-management-system	0
virtualization	0
apache-kafka	0
dependencies	0
javascript	0
sas	0
development-environment	0
scripting-language	0
shared-hosting	0
python	0
jsr	0
java	1
python	0
speech-recognition	0
server	0
upload	0
gnu	0
stack-overflow	0
content-management	0
web	1
data-storage	0
frameworks	0
web	1
kendo-ui	0
middleware	0
opengl	0
javascript	0
android	0
3d	0
database	0
web	1
linker	0
audio	0
qt	0
user-interface	0
provisioning	0
middleware	0
binary	0
java	0
audio	0
rdfa	0
dom	0
coffeescript	0
content-management-system	0
image-formats	0
api	0
viewport	0
elastic-map-reduce	0
css3	0
gif	0
haskell	0
asp.net	0
javascript	0
windows-phone	0
api	0
eclipse	0
virtual-machine	0
caching	0
multipage	0
python-module	0
openbsd	0
interface	0
markup	0
implementation	0
user-interface	0
text-editor	0
hierarchical	0
usb	0
s	0
open-source	0
user	0
server-side	0
database	0
java	0
smartphone	0
video	0
access-control	0
sql-server	0
android-multiple-users	0
web	1
s	0
ios	0
memory-leaks	0
interface	0
backend	0
runtime	0
xml	0
draggable	0
trident	0
s	0
module	0
toolkit	0
numpy	0
ruby-on-rails	0
desktop	0
webgl	0
jquery	0
email	0
single-source	0
url	0
osx	0
graphics	0
png	0
web	1
user	0
web	1
cryptography	0
api	0
protocols	0
xml	0
xml	0
cordova	0
queue	0
toolkit	0
service-discovery	0
erlang	0
actionlistener	0
.net	0
heroku	0
permissions	0
web	1
ansi	0
pdf	0
bugzilla	0
object-pascal	0
nlp	0
local-storage	0
windows-rt	0
javascript	0
router	0
spreadsheet	0
xcode	0
unit-testing	0
s	0
javascript	0
integer-arithmetic	0
s	0
open-source	0
lines-of-code	0
core-data	0
audio	0
smo	0
dlna	0
web	1
dsl	0
css3	0
character-encoding	0
dsl	0
timeline	0
sap	0
data-stream	0
c++	0
diff	0
database	0
module	0
unit-testing	0
s	1
searchable	0
security-testing	0
executable	0
encoding	0
mobile-devices	0
openstack-swift	0
jquery-ui	0
excel	0
provider	0
sdk	0
encoding	0
api	0
drag-and-drop	0
msmq	0
ios	0
web	1
database	0
sms	0
fonts	0
c++	0
c++	0
user	0
s	0
javascript	0
vfw	0
social-networking	0
jetty	0
dom	0
acceptance-testing	0
jpeg	0
linux	0
default	0
quadratic-programming	0
html5	0
commonsware	0
templates	0
logic-programming	0
selector	0
maven	0
python	0
flash-player	0
.net	0
reactive-programming	0
portlet	0
core-animation	0
facebook	0
implementation	0
3d	0
test-coverage	0
ipad	0
etl	0
hierarchical	0
wakatime	0
server	0
server	0
http	0
audio	0
gitlab	0
operating-system	0
parse-android-sdk	0
ipod	0
interface	0
s	0
perl	0
metadata	0
code-snippets	0
ieee	0
generics	0
protocols	0
console	0
jvm	0
node.js	0
xml	0
sdn	0
.net	0
mobile-application	0
iis-7	0
java	0
tcl	0
perl	0
web	1
default	0
email	0
cluster-analysis	0
sql-server	0
javascript	0
open-source	0
roslyn	0
mongodb	0
content-management-system	0
database	0
emacs	0
programming-languages	0
server-side	0
globalization	0
otp	0
toolkit	0
ios	0
tga	0
xpath	0
formatting	0
server	0
templating	0
cryptography	0
ocaml	0
android	0
responsive-design	0
header	0
server	0
rpath	0
website	0
unit-testing	0
user	0
ansi-sql	0
dom	0
sql	0
scheduler	0
command-line	0
windows-phone-8	0
powerpoint	0
authentication	0
dll	0
java	0
php	0
toolkit	0
javascript	0
clojure	0
mobile-devices	0
graphics	0
api	0
web	1
callback	0
infowindow	0
alm	0
s	0
emacs	0
javascript	0
wsgi	0
optimization	0
image-processing	0
multipart	0
analytics	0
python	0
sorting	0
interface	0
sql-in	0
emacs	0
dom	0
s	0
nimrod	0
android	0
javascript	0
markdown	0
ruby	0
runtime	0
oauth	0
collision-detection	0
s	0
dragonfly-bsd	0
python	0
clojurescript	0
vim	0
web	1
web	1
angularjs	0
python	0
frameworks	0
xpath	0
java	0
hosting	0
xml	0
readability	0
interface	0
delphi	0
php	0
jquery	0
mapper	0
javascript	0
web	1
java	0
javascript-framework	0
core-data	0
windows-rt	0
css	0
cdma	0
html	0
linux	0
development-environment	0
server	0
tcp	0
server	0
html	0
vala	0
html	0
css-values	0
s	0
asynchronous	0
iterator	0
python	0
node.js	0
encryption	0
ruby	0
getter	0
web-services	0
development-environment	0
theming	0
plugins	0
server	0
key-value-store	0
web-applications	0
python	0
labview	0
open-source	0
load-balancing	0
boolean	0
backbone.js-collections	0
hash-function	0
javascript	0
3d	0
algorithm	0
runtime	0
s	0
python	0
upload	0
web	1
java	1
web-applications	0
couchbase	0
frameworks	0
web-applications	0
windows-server	0
android	0
c++	0
ruby-on-rails	0
.net	0
numeric	0
desktop	0
rss	0
api	0
c++	0
putchar	0
erlang	0
hosting	0
desktop	0
touchesended	0
bluemix	0
java	0
web	1
s	0
c++	0
java	0
database	0
desktop	0
windows-phone	0
xmpp	0
clojure	0
android	0
toolkit	0
user-interface	0
asp.net	0
gridview	0
oracle	0
constructor	0
dvd	0
implementation	0
javascript	0
initialization	0
argparse	0
tags	0
look-and-feel	0
solr	0
synchronization	0
algorithm	0
python	0
svn	0
modeling	0
ruby	0
.net	0
authoring	0
spoofing	0
java	0
ajax	0
query-builder	0
user	0
mobile-devices	0
sms	0
.net	0
server	0
object-model	0
api	0
3d	0
real-time	0
s	0
desktop	0
postgres-plus	0
implementation	0
email-address	0
screen-capture	0
ruby	0
android	0
web	1
asp.net-mvc	0
web	1
api	0
method-chaining	0
angular-material	0
perl	0
websocket	0
parametric-polymorphism	0
ansi	0
rfc	0
s	0
sas	0
python	0
java	0
s	0
sql	0
yahoo	0
text-to-speech	0
audio	0
common-lisp	0
cursor	0
cross-platform	0
javascript	0
web	1
xml	0
data-stream	0
interface	0
adobe	0
web-hosting	0
runtime	0
model-view-controller	0
lines-of-code	0
sql-server	0
artificial-intelligence	0
ios	0
opengl	0
android	0
firebird	0
mesos	0
timestamp	0
point-to-point	0
asp.net	0
server	0
javafx	0
web	1
timestamp	0
aarch64	0
java	0
eclipse	0
ruby	0
pdf	0
ascii	0
mouseleave	0
java	0
web	1
json	0
jdbc	0
strcat	0
s	0
http	0
ca	0
java	0
python	0
twitter	0
web	1
kubernetes	0
implementation	0
web	1
typo3	0
web-applications	0
jquery	0
javafx	0
encryption	0
implementation	0
linkedin	0
mdx	0
web	1
asp.net	0
internet-explorer	0
perl	0
tabs	0
java	0
server	0
dependencies	0
hadoop	0
java	0
xml	0
csv	0
apache-spark	0
flat-file	0
clojure	0
typo3	0
jquery	0
linux	0
upload	0
web	1
hybrid	0
web	1
python	0
web-console	0
web	0
acronym	0
sapui5	0
read-write	0
3d	0
slider	0
incremental-build	0
xcode	0
mozilla	0
gps	0
datatable	0
fortran	0
lync	0
cross-platform	0
group-by	0
authentication	0
s	0
asynchronous	0
kerberos	0
apache-zookeeper	0
scheduler	0
xml	0
sqliteopenhelper	0
binary	0
javascript	0
codeplex	0
web-applications	0
unix	0
jsf	0
implementation	0
visual-studio	0
hadoop	0
python	0
module	0
https	0
newtype	0
command-line	0
fast-model	0
smalltalk	0
pdf	0
permissions	0
notepad++	0
real-time	0
embed	0
web	1
openpgp	0
api	0
targeting	0
postcss	0
jquery	0
ember.js	0
asynchronous	0
image-gallery	0
mobile-devices	0
xquery	0
ndepend	0
wordpress	0
aop	0
php-5.6	0
build-automation	0
s	0
php	0
authentication	0
web	1
ide	0
url	0
open-source	0
ruby	0
php	0
javascript	0
umbraco	0
apache-spark	0
uikit	0
azure	0
database	0
3ds	0
s	0
software-engineering	0
implementation	0
media-queries	0
open-source	0
json	0
toolkit	0
text-editor	0
web	1
3d	0
java-ee-7	0
python	0
java-ee	0
deprecated	0
javascript	0
s	0
partitioning	0
open-source	0
database	0
server	0
ruby	0
haskell	0
sql	0
open-source	0
python	0
e-commerce	0
xml-serialization	0
data-integration	0
interface	0
virtual-serial-port	0
website	0
database	0
web	1
twitter	0
templates	0
ssl	0
web	1
semicolon	0
javascript	0
nfc	0
ocaml	0
http	0
nsis	0
api	0
active-directory	0
operating-system	0
audio	0
mysql	0
embed	0
thunderbird	0
xubuntu	0
web	1
implementation	0
ipc	0
android	0
bitbucket	0
state-machines	0
web	1
angularjs	0
matrix	0
algorithm	0
separation-of-concerns	0
video	0
connectivity	0
interface	0
data-visualization	0
sql-server	0
email	0
python	0
node.js	0
service-discovery	0
css	0
asp.net-mvc	0
s	0
server	0
server	0
ios	0
data-binding	0
header-files	0
adobe	0
tufte	0
http	0
seamonkey	0
networking	0
ios	0
dsl	0
java	0
dita	0
erlang	0
android	0
deployment	0
spreadsheet	0
html5	0
dependency-management	0
speech-recognition	0
dialog	0
cocos2d-x	0
selector	0
hypervisor	0
frameworks	0
s	0
java	0
asp.net-core-1.0	0
s	0
toolkit	0
angularjs	0
subsequence	0
semantic-web	0
widget	0
desktop	0
java	0
html	0
html	0
.net	0
wrapper	0
s	0
server	0
unix	0
interface	0
adobe-indesign	0
console	0
scroll	0
dependencies	0
highcharts	0
desktop	0
ado.net	0
java-ee	0
arrays	0
sql-server	0
.net	0
real-time	0
hortonworks-data-platform	0
plugins	0
websphere	0
api	0
iframe	0
wkhtmltopdf	0
virtualization	0
objective-c	0
javascript	0
3d	0
oz	0
dynamic-memory-allocation	0
semantics	0
annotations	0
grid	0
php	0
gif	0
java	0
s	0
ios	0
interface	0
carddav	0
api	0
sdk	0
fifo	0
implementation	0
3d	0
user-interface	0
database	0
parsing	0
authoring	0
checkbox	0
ios	0
solr	0
picasa	0
graphics	0
unicode	0
android	0
java	0
.net	0
xhtml	0
json	0
templates	0
sapui5	0
html	0
iphone	0
wcf	0
crud	0
s	0
core-video	0
android	0
web	1
web	1
algorithm	0
zend-framework	0
web	1
eclipse	0
qt	0
html-table	0
s	0
software-engineering	0
interface	0
user	0
rfc2445	0
subtyping	0
rfc	0
maven	0
android	0
formatting	0
php	0
core-image	0
apache-spark	0
apache-pig	0
x86	0
css3	0
programming-languages	0
webserver	0
serialization	0
oop	0
jcaps	0
ide	0
phone-number	0
audio	0
user	0
interface	0
ios	0
user	0
.net	0
32-bit	0
paypal	0
arcgis	0
html	0
sgi	0
fortran	0
bigtable	0
server	0
oracle	0
creative-cloud	0
frontend	0
web-applications	0
drupal	0
dynamic-programming	0
api	0
3d	0
uart	0
flexbox	0
implementation	0
javascript	0
jquery-mobile	0
aes	0
ide	0
partitioning	0
broadcastreceiver	0
database	0
interface	0
gridview	0
s	0
ruby	0
interface	0
function-calls	0
bluetooth	0
java	0
facebook-graph-api	0
system.componentmodel	0
scala	0
templating	0
socket.io	0
android	0
api	0
template-engine	0
windows-phone	0
templates	0
javascript	0
sass	0
webgl	0
smarty	0
wrapper	0
16-bit	0
url	0
teradata	0
embed	0
sas	0
embedding	0
nhibernate	0
api	0
programming-languages	0
directx	0
standard-library	0
yaml	0
imapi	0
javascript	0
content-type	0
console	0
codebase	0
s	0
database	0
data-visualization	0
.net	0
remote-server	0
java	0
cross-browser	0
provisioning	0
viewport	0
php	0
kylix	0
mongodb	0
xml	0
yii	0
user-interface	0
runit	0
runtime	0
toastr	0
qt	0
java-ee	0
http	0
interface	0
sdk	0
java	0
unix	0
.net	0
fonts	0
sql	0
xfce	0
javascript-framework	0
api	0
s	0
gwt	0
server	0
android	0
providers	0
android	0
java	0
server	0
debugging	0
raster	0
javascript	0
mediawiki	0
daap	0
s	0
caching	0
daemon	0
smartphone	0
subsequence	0
linux-kernel	0
stack-overflow	0
audio	0
scala	0
systems-programming	0
.net	0
xalan	0
interface	0
predicates	0
.net	0
joomla	0
subsequence	0
sql	0
artificial-intelligence	0
gouraud	0
wijgrid	0
s	0
logcat	0
s	0
user	0
wikipedia	0
ios	0
crm	0
https	0
crm	0
node.js	0
server	0
ajax	0
authentication	0
video-processing	0
api	0
java	0
enterprisedb	0
amazon-web-services	0
video	0
algorithm	0
java	0
toolkit	0
css	0
orm	0
django	0
material-design	0
emacs	0
tm	0
openssl	0
oracle	0
gis	0
erlang	0
mongodb	0
ide	0
open-source	0
server	0
mysql	0
junit	0
jquery	0
https	0
server	0
java-api	0
implementation	0
slideshow	0
c++builder	0
hp-ux	0
twitter	0
solr	0
linux	0
django	0
operating-system	0
api	0
multiplexing	0
python	0
video	0
router	0
server	0
mysql	0
html5	0
typedef	0
s	0
https	0
mongodb	0
sql-injection	0
unix	0
graphics	0
web	1
regex	0
pdf	0
s	0
php	0
toolkit	0
s	0
elastic-beanstalk	0
toolkit	0
openui5	0
api	0
macros	0
plugins	0
api	0
toolkit	0
c++	0
binary	0
development-environment	0
data-entry	0
corba	0
api	0
mobile-devices	0
access-point	0
android-support-library	0
toolkit	0
video	0
optimization	0
s	0
xmpp	0
cors	0
linear-programming	0
ruby	0
keyword	0
s	0
markup	0
fortran	0
rfc	0
customization	0
spock	0
orm	0
matplotlib	0
coldfusion	0
orm	0
visual-studio	0
java	0
cross-platform	0
plugins	0
deep-learning	0
java	0
desktop	0
docker	0
delphi	0
native-code	0
android	0
guice	0
java-io	0
rdbms	0
hierarchical	0
java	1
server	0
markup	0
synchronization	0
s	0
azure	0
svg	0
user-interface	0
scala	0
tvm	0
pdf	0
operating-system	0
pdf	0
api	0
.net	0
text-files	0
deployment	0
web	1
paas	0
facebook	0
api	0
embed	0
json	0
fortran	0
quickbooks	0
markup	0
ecies	0
s	0
scala	0
ubifs	0
nservicebus	0
html	0
wordpress	0
s	0
database	0
url	0
tcp-ip	0
http	0
svg	0
web	1
xhtml	0
command-line	0
django	0
diagramming	0
icons	0
polygons	0
django	0
hidden-markov-models	0
createelement	0
uikit	0
encryption	0
javascript	0
extension-methods	0
mobile-devices	0
analytics	0
hhvm	0
datebox	0
junit	0
modeling	0
matplotlib	0
pc	0
xml	0
authorize.net	0
eigen	0
gcc	0
command-line	0
transactional	0
java	0
minidump	0
asp.net	0
xml	0
.net	0
system.net.mail	0
x11	0
ios	0
timepicker	0
ascii	0
scripting-language	0
wrapper	0
s	0
socket.io-java-client	0
carousel	0
web-services	0
email	0
open-source	0
unit-testing	0
passwords	0
python	0
jquery	0
meta	0
web	1
intel	0
iphone	0
liquibase	0
tibco	0
kibana	0
emacs	0
c++	0
android	0
serialization	0
oracle	0
cakephp	0
bayesian	0
websocket	0
laravel	0
docbook	0
python	0
joomla	0
connectivity	0
s	0
wifi	0
activex	0
c++	0
ubuntu	0
aggregates	0
implementation	0
server-side	0
vim	0
android	0
mobile-devices	0
unmarshalling	0
video	0
server	0
erlang	0
synchronization	0
lisp	0
api	0
dsl	0
web	1
web	1
s	0
embedding	0
web	1
ruby-on-rails	0
default	0
drupal	0
workflow	0
android-sqlite	0
.net-3.5	0
asp.net-mvc-3	0
.net	0
server-side	0
ide	0
metadata	0
json	0
gif	0
user	0
open-source	0
server	0
google-cloud-platform	0
sql	0
windows-installer	0
console	0
json	0
wxwidgets	0
video	0
python	0
content-management	0
xml	0
javascript	0
zend-soap	0
sql	0
.net	0
gnu	0
python-module	0
gnu	0
gpu	0
rsa	0
server	0
debugdiag	0
android	0
java	0
asynchronous	0
ocaml	0
widget	0
unit-testing	0
visual-studio	0
version-control	0
file-manager	0
event-handling	0
open-source	0
open-source	0
dll	0
java	0
css	0
mouseenter	0
website	0
hierarchical	0
portability	0
open-source	0
dynamic-memory-allocation	0
ruby	0
wysiwyg	0
human-readable	0
llvm	0
unix	0
runtime	0
multiplatform	0
jquery	0
virtual-machine	0
drupal	0
posixlt	0
as-if	0
minimax	0
javascript	0
graphics	0
fetch-api	0
uitoolbar	0
open-source	0
api	0
https	0
scripting	0
javafx	0
kotlin	0
package.json	0
ide	0
firefox	0
agile-central	0
runtime	0
.net	0
smartcard	0
method-chaining	0
database	0
api	0
xunit	0
usdl	0
constraints	0
css	0
file-format	0
bluetooth	0
toolkit	0
http	0
bitset	0
xmpp	0
qstandarditemmodel	0
usb	0
android	0
lambda-calculus	0
sdl	0
mongodb	0
matrix	0
appkit	0
server-side	0
toolkit	0
biztalk	0
.net	0
spreadsheet	0
providers	0
c++	0
iphone	0
binary	0
html	0
pixels	0
java	0
interface	0
s	0
real-time	0
html5	0
pixels	0
web	1
plugins	0
activerecord	0
api	0
javascript	0
sqlalchemy	0
ase	0
ios	0
w3c	0
boolean	0
encryption	0
python	0
gwt	0
nsruleeditor	0
modx	0
winsock	0
memcached	0
cad	0
web	1
httpresponse	0
.net	0
web-applications	0
javascript	0
matlab	0
global-variables	0
c++11	0
authentication	0
web	1
node.js	0
3d	0
datagridview	0
graphics	0
xml	0
mezzanine	0
ide	0
api	0
server	0
tcp-ip	0
javascript	0
web	1
templates	0
jcr	0
entry-point	0
point-of-sale	0
android	0
apache	0
string-matching	0
api	0
macros	0
rdbms	0
pattern-matching	0
uikit	0
database	0
simple-form	0
api	0
jquery	0
wireless	0
rpc	0
placeholder	0
user	0
awt	0
web	1
middleware	0
ios	0
php	0
web	1
open-source	0
shared-libraries	0
c++	0
asp.net	0
cross-platform	0
wpf	0
user-experience	0
serialization	0
s	0
indy	0
android	0
django	0
systemc	0
scrollbar	0
syslog	0
web	1
text-processing	0
web-applications	0
api	0
android	0
std	0
adfs	0
excel-2007	0
api	0
database-schema	0
multisite	0
video	0
open-source	0
windows-phone	0
joomla	0
file-format	0
excel	0
hierarchical	0
structural-typing	0
android-sqlite	0
event-handling	0
amazon-web-services	0
xml	0
web	1
open-source	0
widget	0
code-snippets	0
jvm	0
c++	0
relational-database	0
convex-optimization	0
package.json	0
environment-modules	0
deep-learning	0
django	0
internationalization	0
html	0
qt	0
markup	0
command-line	0
default	0
mediawiki-api	0
user	0
uitextfield	0
authentication	0
web	1
ios	0
visual-c++	0
access-control	0
microcontroller	0
web	1
database	0
regex	0
geospatial	0
cfform	0
web	1
django	0
social-networking	0
soa	0
javascript	0
encoding	0
configurable-product	0
s	0
.net	0
gdb	0
ocx	0
postgresql	0
rmq	0
virtual-machine	0
linux	0
generic-programming	0
s	0
retrieve-and-rank	0
web	1
database	0
pdf	0
sync	0
java	0
windows-8	0
indexeddb	0
android	0
viewport	0
deployment	0
drupal-entities	0
user	0
perl-module	0
png	0
groovy	0
constraints	0
cross-platform	0
jmf	0
excel-2007	0
model-view-controller	0
web	1
website	0
email	0
angular2	0
unreal-development-kit	0
dom	0
s	0
virtual-machine	0
c++	0
tweets	0
javascript	0
angularjs	0
emulator	0
autobahn	0
jquery	0
web	1
dynamic-memory-allocation	0
rich-text-editor	0
oracle	0
python	0
html	0
javascript	0
svn	0
server	0
db-first	0
android-tv	0
ios	0
usb	0
rabbitmq	0
templates	0
templates	0
scripting	0
business-intelligence	0
user	0
symfony-console	0
petri-net	0
xml3d	0
azure	0
3d	0
sorting	0
gcc	0
spring-mvc	0
s	0
css	0
codec	0
user	0
wordpress	0
http	0
s	0
command-line	0
virtualization	0
.net	0
dynamic-programming	0
.net	0
delphi	0
web	1
deployment	0
uikit	0
c++-standard-library	0
google-maps	0
reverse-engineering	0
orm	0
pdftron	0
bookmarks	0
os.walk	0
code-coverage	0
open-source	0
mysql	0
desktop	0
scroll	0
angular-ui	0
formatting	0
module	0
xml	0
operating-system	0
jarjar	0
http	0
http-request	0
smartcard	0
wav	0
api	0
smalltalk	0
gps	0
javascript	0
ios	0
enterprise-portal	0
web	1
windows-runtime	0
server	0
data-access-layer	0
web	1
entity-framework	0
encryption	0
netezza	0
fonts	0
windows-phone	0
ide	0
partcover	0
toolkit	0
java	0
interface	0
parsing	0
youtube	0
javascript	0
arrays	0
ipad	0
sdk	0
metadata	0
hash-function	0
wikidata	0
timestamp	0
mozilla	0
s	0
analytics	0
s	1
3d	0
bluetooth	0
message-passing	0
visual-recognition	0
mp3	0
wpf	0
http	0
hybrid	0
sas	0
ndepend	0
deserialization	0
python	0
scaling	0
digits	0
internet-explorer	0
scalability	0
libreoffice	0
cross-platform	0
convex-optimization	0
interface	0
load-data-infile	0
alm	0
http	0
ruby	0
web	1
spreadsheet	0
codec	0
tooltip	0
lua	0
ghc	0
twitter	0
java	0
sql	0
convenience-methods	0
cross-platform	0
mongodb	0
s	0
url	0
html	0
wamp	0
c++	0
graph-theory	0
mongo-shell	0
python	0
java	0
.net	0
video	0
clone	0
perl	0
nix	0
backend	0
spreadsheet	0
database	0
runtime	0
hosting	0
load-testing	0
standard-library	0
toolkit	0
subclass	0
open-source	0
iphone	0
game-center	0
couchdb	0
client-side	0
css	0
game-engine	0
web	1
scalability	0
class-library	0
nfc	0
android	0
s	0
audio	0
ide	0
youtube-data-api	0
asp.net	0
putchar	0
web	1
implementation	0
calculus	0
wiki	0
web-applications	0
doozer	0
authoring	0
implementation	0
sdk	0
api	0
web	1
server	0
uinavigationbar	0
server	0
version-control	0
video	0
javascript-framework	0
dronekit	0
linux	0
scripting	0
interface	0
authentication	0
xamarin	0
youtube-data-api	0
file-format	0
grid	0
objective-c	0
lines-of-code	0
development-environment	0
.net	0
sortable	0
xml	0
prototyping	0
.net	0
default	0
relational-database	0
haskell	0
c++	0
wiki	0
unix	0
belongs-to	0
query-planner	0
keystroke	0
data-analysis	0
semantic-ui	0
.net	0
zerovm	0
xmlhttprequest	0
apache-storm	0
jquery-layout	0
xml	0
ravendb	0
rename	0
boolean-algebra	0
model-view	0
networking	0
facebook	0
hadoop	0
url	0
scripting-language	0
video	0
machine-learning	0
xml	0
open-source	0
open-source	0
open-source	0
read-write	0
.net	0
haskell	0
malware	0
php	0
sql-server	0
odata	0
api	0
carousel	0
google-earth	0
css	0
web-applications	0
programming-languages	0
continuous-integration	0
ios	0
scala	0
java	0
open-source	0
widget	0
uiresponder	0
otp	0
public-key	0
tiff	0
runtime	0
sharepoint	0
html5	0
python	0
open-source	0
heroku	0
number-theory	0
gerrit	0
p2	0
unix	0
uninstall	0
belongs-to	0
javascript	0
exchange-server	0
sql-server-2008	0
video	0
data-mining	0
command-line	0
discriminated-union	0
microservices	0
api	0
provider	0
workflow	0
unhandled-exception	0
ios	0
qt	0
server	0
qt	0
s	0
web	0
database	0
header	0
oop	0
docx	0
java	1
javafx	0
biztalk	0
sms	0
implementation	0
video	0
social-networking	0
php	0
avasset	0
geospatial	0
css	0
hosting	0
dom	0
desktop	0
http	0
android	0
csv	0
ios	0
gerrit	0
php	0
uri	0
web-api	0
protocols	0
data-transfer	0
interface	0
dib	0
data-warehouse	0
client-side	0
ios	0
graphics	0
neo4j	0
plugins	0
css3	0
api	0
message-channel	0
audio	0
ios	0
oracle	0
security-testing	0
emr	0
apache-spark	0
user	0
thumbnails	0
gradle	0
open-source	0
ado.net	0
tabs	0
.net	0
video	0
3d	0
java	1
java	0
cakephp	0
d3.js	0
uitextfielddelegate	0
networking	0
cakephp	0
java	0
ios	0
s	0
csv	0
server	0
subset	0
wcf	0
workflow	0
ajax	0
npm	0
middleware	0
graphics	0
linux	0
grid	0
django	0
javascript	0
multiplatform	0
code-review	0
database	0
pc	0
s	0
server	0
coding-style	0
java	0
web	1
api	0
php	0
p2	0
wrapper	0
cpu-registers	0
middleware	0
customization	0
javascript	0
node.js	0
nginx	0
geocoding	0
http	0
web	1
jquery	0
mysql	0
interface	0
icalendar	0
jquery	0
server	0
activerecord	0
fonts	0
s	0
python	0
ruby	0
interface	0
vtiger	0
twitter	0
dom	0
scala	0
jquery	0
laravel	0
database	0
jsse	0
wsdl	0
jsp	0
qt	0
concurrency	0
uss	0
client-side	0
php	0
openlayers	0
server	0
cpu	0
redux	0
node.js	0
lightbox	0
html	0
executable	0
java	0
qt	0
printers	0
clojure	0
api	0
stack-overflow	0
desktop	0
libjpeg-turbo	0
listview	0
media-player	0
.net	0
html	0
dataset	0
matrix	0
http-1.1	0
web	1
javascript	0
c++	0
optimization	0
web	1
sql-server	0
spreadsheet	0
java-api	0
database	0
ruby	0
machine-learning	0
ddp	0
widget	0
c++	0
user	0
deprecated	0
windows-services	0
web	1
command-line	0
viewport	0
open-source	0
embed	0
javascript	0
samsung-mobile	0
open-source	0
browser-extension	0
archive	0
powershell	0
perl	0
java	0
api	0
javascript	0
arrays	0
server	0
django	0
amazon-web-services	0
web	1
upload	0
audio-player	0
modeling	0
cors	0
jmeter	0
character-encoding	0
xunit	0
dialog	0
solr	0
http	0
rational-numbers	0
linux	0
hfs	0
robotics	0
wireless	0
android	0
qt	0
implementation	0
xml	0
web	1
s	1
apache-spark-1.5	0
operating-system	0
interface	0
database	0
dom	0
operating-system	0
slickgrid	0
google-earth	0
http	0
delphi	0
operating-system	0
api	0
interface	0
database	0
java	0
interface	0
raspberry-pi	0
javascript	0
wordpress	0
maven	0
kendo-ui	0
lgpl	0
entity-framework	0
xpath	0
business-process	0
unicode	0
hadoop	0
s	0
asp-classic	0
zero-copy	0
html	0
android	0
rsync	0
jquery	0
archive	0
drag-and-drop	0
nix	0
deflate	0
php	0
pc	0
goodness-of-fit	0
delphi	0
executable	0
template-engine	0
http	0
web	1
mkpolygon	0
markup	0
ruby	0
data-structures	0
s	0
referential	0
asp.net	0
firefox	0
database	0
dom	0
s	0
data-stream	0
open-source	0
redis	0
converter	0
zsh	0
xml	0
oauth	0
interface	0
pthread-join	0
s	0
unity3d	0
upsert	0
biztalk-deployment	0
activerecord	0
typekit	0
modelica	0
s	0
code-complete	0
hosting	0
audio	0
android	0
sorting	0
qt	0
desktop	0
html	0
cloud-storage	0
occi	0
real-time	0
iot	0
build-process	0
ibm-watson	0
web	1
standard-library	0
web-services	0
css	0
dxt	0
database	0
plural	0
object-model	0
jetbrains	0
dom	0
xml	0
hierarchical-data	0
website	0
ms-word	0
operating-system	0
relational-database	0
html	0
decoding	0
prolog	0
ios	0
kendo-ui	0
s	1
implementation	0
wireless	0
eclipse	0
database	0
module	0
incoming-call	0
polymorphism	0
kqueue	0
internationalization	0
default	0
implementation	0
networking	0
database	0
file-management	0
pixel-density	0
subset	0
masstransit	0
object-construction	0
formsy-react	0
chromium-embedded	0
html5	0
web	1
real-time	0
programming-languages	0
windows-phone-store	0
operating-system	0
programming-languages	0
32-bit	0
javascript	0
snmp	0
u2	0
rakudo	0
windows-mobile	0
user	0
s	0
implementation	0
xbox-music	0
amazon-web-services	0
server	0
java	0
rpc	0
android	0
vb.net	0
progress-4gl	0
web-applications	0
web-applications	0
video	0
iis	0
encryption	0
formatting	0
hybrid	0
server	0
pdf	0
windows-embedded	0
activemodel	0
pixels	0
quicksort	0
annotations	0
missing-data	0
javascript	0
debugging	0
user	0
smalltalk	0
user	0
.net	0
python	0
video	0
finite-field	0
interface	0
clojure	0
content-management-system	0
xt	0
windows-7	0
ios	0
.net	0
activex	0
standard-library	0
jvm	0
java	0
dom	0
video	0
exchange-server-2016	0
open-source	0
alm	0
odata	0
s	0
postgresql	0
ruby	0
metrics	0
sharepoint	0
mobile-phones	0
commit-message	0
